;             
CREATE USER IF NOT EXISTS MTP_SPA_APP SALT '3c8d9bfe056972b7' HASH 'fe1a608951e4e165fc60d7931e8dfa6917d31d41c69eac4d58b7d9086190f8b5' ADMIN;  
CREATE SEQUENCE PUBLIC.SYSTEM_SEQUENCE_60F95A5B_7675_4797_9742_669C63F4E5B2 START WITH 33 BELONGS_TO_TABLE;   
CREATE SEQUENCE PUBLIC.SYSTEM_SEQUENCE_5593F621_B4CB_46D8_B6A2_6D40F8F43979 START WITH 83 BELONGS_TO_TABLE;   
CREATE SEQUENCE PUBLIC.SYSTEM_SEQUENCE_5408D5C7_E1BB_4BD1_AF80_64F225ADA245 START WITH 186 BELONGS_TO_TABLE;  
CREATE SEQUENCE PUBLIC.SYSTEM_SEQUENCE_375F1269_9539_444A_B67E_64F54E522299 START WITH 95 BELONGS_TO_TABLE;   
CREATE SEQUENCE PUBLIC.SYSTEM_SEQUENCE_9BE98977_73BC_4AAA_8264_D23CFBA0D9AD START WITH 13 BELONGS_TO_TABLE;   
CREATE SEQUENCE PUBLIC.SYSTEM_SEQUENCE_9D92E942_0DED_4E1E_85EE_FF33748F04D9 START WITH 102 BELONGS_TO_TABLE;  
CREATE SEQUENCE PUBLIC.SYSTEM_SEQUENCE_462A0877_BD51_48E2_A572_F90C094CECAD START WITH 13 BELONGS_TO_TABLE;   
CREATE SEQUENCE PUBLIC.SYSTEM_SEQUENCE_E09E4E50_1E45_4A4F_9369_DF02DA011BAC START WITH 67 BELONGS_TO_TABLE;   
CREATE CACHED TABLE PUBLIC.DATA_ASSOCIATION_BUSINESS_OBJECTS(
    PROCESS_MODEL_REF VARCHAR(128),
    ACTIVITY_REF VARCHAR(128),
    BO_REF VARCHAR(128),
    BUSINESS_OBJECT VARCHAR(32),
    ACTION VARCHAR(32),
    MIN VARCHAR(16),
    MAX VARCHAR(16),
    BONAME VARCHAR(128),
    REQ_ATTRIBUTES VARCHAR(255),
    RID INT DEFAULT (NEXT VALUE FOR PUBLIC.SYSTEM_SEQUENCE_5408D5C7_E1BB_4BD1_AF80_64F225ADA245) NOT NULL NULL_TO_DEFAULT SEQUENCE PUBLIC.SYSTEM_SEQUENCE_5408D5C7_E1BB_4BD1_AF80_64F225ADA245
);           
ALTER TABLE PUBLIC.DATA_ASSOCIATION_BUSINESS_OBJECTS ADD CONSTRAINT PUBLIC.CONSTRAINT_5 PRIMARY KEY(RID);     
-- 101 +/- SELECT COUNT(*) FROM PUBLIC.DATA_ASSOCIATION_BUSINESS_OBJECTS;     
INSERT INTO PUBLIC.DATA_ASSOCIATION_BUSINESS_OBJECTS(PROCESS_MODEL_REF, ACTIVITY_REF, BO_REF, BUSINESS_OBJECT, ACTION, MIN, MAX, BONAME, REQ_ATTRIBUTES, RID) VALUES
('http://masterteamproject/7920f05c-6b9f-48ad-b994-8f7ce030c1df', 'http://masterteamproject/Task_1', 'http://masterteamproject/DataObjectReference_1', 'BUS2081', 'select', '1', '1', 'BUS2081:Incoming Invoice', 'CompanyCode,InvoicingParty,Currency,Status,UserName,FiscalYear', 61),
('http://masterteamproject/7920f05c-6b9f-48ad-b994-8f7ce030c1df', 'http://masterteamproject/Task_7', 'http://masterteamproject/DataObjectReference_4', 'BUS2012', 'edit', '1', '1', 'BUS2012:Purchase Order', 'ReleaseStatus', 62),
('http://masterteamproject/7920f05c-6b9f-48ad-b994-8f7ce030c1df', 'http://masterteamproject/Task_3', 'http://masterteamproject/DataObjectReference_2', 'BUS1013', 'info', '1', '*', 'BUS1013:IBAN', 'BankCountry,BankKey,BankAccountNumber,BankControlKey', 63),
('http://masterteamproject/7920f05c-6b9f-48ad-b994-8f7ce030c1df', 'http://masterteamproject/Task_3', 'http://masterteamproject/DataObjectReference_3', 'BUS1013', 'select', '1', '1', 'BUS1013:IBAN', 'BankCountry,BankKey,BankAccountNumber,BankControlKey', 64),
('http://masterteamproject/38ce8d03-e22e-4770-ab45-87568e0c79bb', 'http://masterteamproject/Task_1', 'http://masterteamproject/DataObjectReference_1', 'BUS2081', 'select', '1', '1', 'BUS2081:Incoming Invoice', 'CompanyCode,InvoicingParty,Currency,Status,UserName,FiscalYear', 65),
('http://masterteamproject/38ce8d03-e22e-4770-ab45-87568e0c79bb', 'http://masterteamproject/Task_7', 'http://masterteamproject/DataObjectReference_4', 'BUS2012', 'edit', '1', '1', 'BUS2012:Purchase Order', 'ReleaseStatus', 66),
('http://masterteamproject/38ce8d03-e22e-4770-ab45-87568e0c79bb', 'http://masterteamproject/Task_3', 'http://masterteamproject/DataObjectReference_2', 'BUS1013', 'info', '1', '*', 'BUS1013:IBAN', 'BankCountry,BankKey,BankAccountNumber,BankControlKey', 67),
('http://masterteamproject/38ce8d03-e22e-4770-ab45-87568e0c79bb', 'http://masterteamproject/Task_3', 'http://masterteamproject/DataObjectReference_3', 'BUS1013', 'select', '1', '1', 'BUS1013:IBAN', 'BankCountry,BankKey,BankAccountNumber,BankControlKey', 68),
('http://masterteamproject/867030e5-20b7-4b75-9e1c-eb969caef058', 'http://masterteamproject/Task_1', 'http://masterteamproject/DataObjectReference_1', 'BUS2081', 'select', '1', '1', 'BUS2081:Incoming Invoice', 'CompanyCode,InvoicingParty,Currency,Status,UserName,FiscalYear', 69),
('http://masterteamproject/867030e5-20b7-4b75-9e1c-eb969caef058', 'http://masterteamproject/Task_7', 'http://masterteamproject/DataObjectReference_4', 'BUS2012', 'edit', '1', '1', 'BUS2012:Purchase Order', 'ReleaseStatus', 70),
('http://masterteamproject/867030e5-20b7-4b75-9e1c-eb969caef058', 'http://masterteamproject/Task_3', 'http://masterteamproject/DataObjectReference_2', 'BUS1013', 'info', '1', '*', 'BUS1013:IBAN', 'BankCountry,BankKey,BankAccountNumber,BankControlKey', 71),
('http://masterteamproject/867030e5-20b7-4b75-9e1c-eb969caef058', 'http://masterteamproject/Task_3', 'http://masterteamproject/DataObjectReference_3', 'BUS1013', 'select', '1', '1', 'BUS1013:IBAN', 'BankCountry,BankKey,BankAccountNumber,BankControlKey', 72),
('http://masterteamproject/3dead72a-3ef1-492c-b41d-20b28d1efc0c', 'http://masterteamproject/Task_1', 'http://masterteamproject/DataObjectReference_1', 'BUS2081', 'select', '1', '1', 'BUS2081:Incoming Invoice', 'CompanyCode,InvoicingParty,Currency,Status,UserName,FiscalYear', 73),
('http://masterteamproject/3dead72a-3ef1-492c-b41d-20b28d1efc0c', 'http://masterteamproject/Task_7', 'http://masterteamproject/DataObjectReference_4', 'BUS2012', 'edit', '1', '1', 'BUS2012:Purchase Order', 'ReleaseStatus', 74),
('http://masterteamproject/3dead72a-3ef1-492c-b41d-20b28d1efc0c', 'http://masterteamproject/Task_3', 'http://masterteamproject/DataObjectReference_2', 'BUS1013', 'info', '1', '*', 'BUS1013:IBAN', 'BankCountry,BankKey,BankAccountNumber,BankControlKey', 75),
('http://masterteamproject/3dead72a-3ef1-492c-b41d-20b28d1efc0c', 'http://masterteamproject/Task_3', 'http://masterteamproject/DataObjectReference_3', 'BUS1013', 'select', '1', '1', 'BUS1013:IBAN', 'BankCountry,BankKey,BankAccountNumber,BankControlKey', 76);      
INSERT INTO PUBLIC.DATA_ASSOCIATION_BUSINESS_OBJECTS(PROCESS_MODEL_REF, ACTIVITY_REF, BO_REF, BUSINESS_OBJECT, ACTION, MIN, MAX, BONAME, REQ_ATTRIBUTES, RID) VALUES
('http://masterteamproject/e253d5c8-3b3d-4070-a0d3-c94d0f179098', 'http://masterteamproject/Task_1', 'http://masterteamproject/DataObjectReference_1', 'BUS2081', 'select', '1', '1', 'BUS2081:Incoming Invoice', 'CompanyCode,InvoicingParty,Currency,Status,UserName,FiscalYear', 77),
('http://masterteamproject/e253d5c8-3b3d-4070-a0d3-c94d0f179098', 'http://masterteamproject/Task_7', 'http://masterteamproject/DataObjectReference_4', 'BUS2012', 'edit', '1', '1', 'BUS2012:Purchase Order', 'ReleaseStatus', 78),
('http://masterteamproject/e253d5c8-3b3d-4070-a0d3-c94d0f179098', 'http://masterteamproject/Task_3', 'http://masterteamproject/DataObjectReference_2', 'BUS1013', 'info', '1', '*', 'BUS1013:IBAN', 'BankCountry,BankKey,BankAccountNumber,BankControlKey', 79),
('http://masterteamproject/e253d5c8-3b3d-4070-a0d3-c94d0f179098', 'http://masterteamproject/Task_3', 'http://masterteamproject/DataObjectReference_3', 'BUS1013', 'select', '1', '1', 'BUS1013:IBAN', 'BankCountry,BankKey,BankAccountNumber,BankControlKey', 80),
('http://masterteamproject/4e50d8cb-385b-4c6b-a388-5f5b9e1822da', 'http://masterteamproject/Task_1', 'http://masterteamproject/DataObjectReference_1', 'BUS2081', 'select', '1', '1', 'BUS2081:Incoming Invoice', 'CompanyCode,InvoicingParty,Currency,Status,UserName,FiscalYear', 81),
('http://masterteamproject/4e50d8cb-385b-4c6b-a388-5f5b9e1822da', 'http://masterteamproject/Task_7', 'http://masterteamproject/DataObjectReference_4', 'BUS2012', 'edit', '1', '1', 'BUS2012:Purchase Order', 'ReleaseStatus', 82),
('http://masterteamproject/4e50d8cb-385b-4c6b-a388-5f5b9e1822da', 'http://masterteamproject/Task_3', 'http://masterteamproject/DataObjectReference_2', 'BUS1013', 'info', '1', '*', 'BUS1013:IBAN', 'BankCountry,BankKey,BankAccountNumber,BankControlKey', 83),
('http://masterteamproject/4e50d8cb-385b-4c6b-a388-5f5b9e1822da', 'http://masterteamproject/Task_3', 'http://masterteamproject/DataObjectReference_3', 'BUS1013', 'select', '1', '1', 'BUS1013:IBAN', 'BankCountry,BankKey,BankAccountNumber,BankControlKey', 84),
('http://masterteamproject/03cac0a9-4ebe-4f46-a458-910290f64014', 'http://masterteamproject/Task_1', 'http://masterteamproject/DataObjectReference_1', 'BUS2081', 'select', '1', '1', 'BUS2081:Incoming Invoice', 'CompanyCode,InvoicingParty,Currency,Status,UserName,FiscalYear', 85),
('http://masterteamproject/03cac0a9-4ebe-4f46-a458-910290f64014', 'http://masterteamproject/Task_7', 'http://masterteamproject/DataObjectReference_4', 'BUS2012', 'edit', '1', '1', 'BUS2012:Purchase Order', 'ReleaseStatus', 86),
('http://masterteamproject/03cac0a9-4ebe-4f46-a458-910290f64014', 'http://masterteamproject/Task_3', 'http://masterteamproject/DataObjectReference_2', 'BUS1013', 'info', '1', '*', 'BUS1013:IBAN', 'BankCountry,BankKey,BankAccountNumber,BankControlKey', 87),
('http://masterteamproject/03cac0a9-4ebe-4f46-a458-910290f64014', 'http://masterteamproject/Task_3', 'http://masterteamproject/DataObjectReference_3', 'BUS1013', 'select', '1', '1', 'BUS1013:IBAN', 'BankCountry,BankKey,BankAccountNumber,BankControlKey', 88),
('http://masterteamproject/3bee98ae-68a6-4759-8a53-84dc0ef1b1f1', 'http://masterteamproject/Task_1', 'http://masterteamproject/DataObjectReference_1', 'BUS2081', 'select', '1', '1', 'BUS2081:Incoming Invoice', 'CompanyCode,InvoicingParty,Currency,Status,UserName,FiscalYear', 89),
('http://masterteamproject/3bee98ae-68a6-4759-8a53-84dc0ef1b1f1', 'http://masterteamproject/Task_7', 'http://masterteamproject/DataObjectReference_4', 'BUS2012', 'edit', '1', '1', 'BUS2012:Purchase Order', 'ReleaseStatus', 90),
('http://masterteamproject/3bee98ae-68a6-4759-8a53-84dc0ef1b1f1', 'http://masterteamproject/Task_3', 'http://masterteamproject/DataObjectReference_2', 'BUS1013', 'info', '1', '*', 'BUS1013:IBAN', 'BankCountry,BankKey,BankAccountNumber,BankControlKey', 91),
('http://masterteamproject/3bee98ae-68a6-4759-8a53-84dc0ef1b1f1', 'http://masterteamproject/Task_3', 'http://masterteamproject/DataObjectReference_3', 'BUS1013', 'select', '1', '1', 'BUS1013:IBAN', 'BankCountry,BankKey,BankAccountNumber,BankControlKey', 92);      
INSERT INTO PUBLIC.DATA_ASSOCIATION_BUSINESS_OBJECTS(PROCESS_MODEL_REF, ACTIVITY_REF, BO_REF, BUSINESS_OBJECT, ACTION, MIN, MAX, BONAME, REQ_ATTRIBUTES, RID) VALUES
('http://masterteamproject/b7c4267e-306a-4e54-b1dd-f576e66518c2', 'http://masterteamproject/Task_1', 'http://masterteamproject/DataObjectReference_1', 'BUS2081', 'select', '1', '1', 'BUS2081:Incoming Invoice', 'CompanyCode,InvoicingParty,Currency,Status,UserName,FiscalYear', 93),
('http://masterteamproject/b7c4267e-306a-4e54-b1dd-f576e66518c2', 'http://masterteamproject/Task_7', 'http://masterteamproject/DataObjectReference_4', 'BUS2012', 'edit', '1', '1', 'BUS2012:Purchase Order', 'ReleaseStatus', 94),
('http://masterteamproject/b7c4267e-306a-4e54-b1dd-f576e66518c2', 'http://masterteamproject/Task_3', 'http://masterteamproject/DataObjectReference_2', 'BUS1013', 'info', '1', '*', 'BUS1013:IBAN', 'BankCountry,BankKey,BankAccountNumber,BankControlKey', 95),
('http://masterteamproject/b7c4267e-306a-4e54-b1dd-f576e66518c2', 'http://masterteamproject/Task_3', 'http://masterteamproject/DataObjectReference_3', 'BUS1013', 'select', '1', '1', 'BUS1013:IBAN', 'BankCountry,BankKey,BankAccountNumber,BankControlKey', 96),
('http://masterteamproject/e84505bf-61fc-4875-9feb-49754dc8dc68', 'http://masterteamproject/Task_1', 'http://masterteamproject/DataObjectReference_1', 'BUS2081', 'select', '1', '1', 'BUS2081:Incoming Invoice', 'CompanyCode,InvoicingParty,Currency,Status,UserName,FiscalYear', 97),
('http://masterteamproject/e84505bf-61fc-4875-9feb-49754dc8dc68', 'http://masterteamproject/Task_7', 'http://masterteamproject/DataObjectReference_4', 'BUS2012', 'edit', '1', '1', 'BUS2012:Purchase Order', 'ReleaseStatus', 98),
('http://masterteamproject/e84505bf-61fc-4875-9feb-49754dc8dc68', 'http://masterteamproject/Task_3', 'http://masterteamproject/DataObjectReference_2', 'BUS1013', 'info', '1', '*', 'BUS1013:IBAN', 'BankCountry,BankKey,BankAccountNumber,BankControlKey', 99),
('http://masterteamproject/e84505bf-61fc-4875-9feb-49754dc8dc68', 'http://masterteamproject/Task_3', 'http://masterteamproject/DataObjectReference_3', 'BUS1013', 'select', '1', '1', 'BUS1013:IBAN', 'BankCountry,BankKey,BankAccountNumber,BankControlKey', 100),
('http://masterteamproject/908f5442-6258-4d2a-b519-f261cdd04e9a', 'http://masterteamproject/Task_1', 'http://masterteamproject/DataObjectReference_1', 'BUS2081', 'select', '1', '1', 'BUS2081:Incoming Invoice', 'CompanyCode,InvoicingParty,Currency,Status,UserName,FiscalYear', 101),
('http://masterteamproject/908f5442-6258-4d2a-b519-f261cdd04e9a', 'http://masterteamproject/Task_7', 'http://masterteamproject/DataObjectReference_4', 'BUS2012', 'edit', '1', '1', 'BUS2012:Purchase Order', 'ReleaseStatus', 102),
('http://masterteamproject/908f5442-6258-4d2a-b519-f261cdd04e9a', 'http://masterteamproject/Task_3', 'http://masterteamproject/DataObjectReference_2', 'BUS1013', 'info', '1', '*', 'BUS1013:IBAN', 'BankCountry,BankKey,BankAccountNumber,BankControlKey', 103),
('http://masterteamproject/908f5442-6258-4d2a-b519-f261cdd04e9a', 'http://masterteamproject/Task_3', 'http://masterteamproject/DataObjectReference_3', 'BUS1013', 'select', '1', '1', 'BUS1013:IBAN', 'BankCountry,BankKey,BankAccountNumber,BankControlKey', 104),
('http://masterteamproject/79da782f-e93a-403c-a61e-aaa9f7d5dc40', 'http://masterteamproject/Task_1', 'http://masterteamproject/DataObjectReference_1', 'BUS2081', 'select', '1', '1', 'BUS2081:Incoming Invoice', 'CompanyCode,InvoicingParty,Currency,Status,UserName,FiscalYear', 105),
('http://masterteamproject/79da782f-e93a-403c-a61e-aaa9f7d5dc40', 'http://masterteamproject/Task_7', 'http://masterteamproject/DataObjectReference_4', 'BUS2012', 'edit', '1', '1', 'BUS2012:Purchase Order', 'ReleaseStatus', 106),
('http://masterteamproject/79da782f-e93a-403c-a61e-aaa9f7d5dc40', 'http://masterteamproject/Task_3', 'http://masterteamproject/DataObjectReference_2', 'BUS1013', 'info', '1', '*', 'BUS1013:IBAN', 'BankCountry,BankKey,BankAccountNumber,BankControlKey', 107),
('http://masterteamproject/79da782f-e93a-403c-a61e-aaa9f7d5dc40', 'http://masterteamproject/Task_3', 'http://masterteamproject/DataObjectReference_3', 'BUS1013', 'select', '1', '1', 'BUS1013:IBAN', 'BankCountry,BankKey,BankAccountNumber,BankControlKey', 108);             
INSERT INTO PUBLIC.DATA_ASSOCIATION_BUSINESS_OBJECTS(PROCESS_MODEL_REF, ACTIVITY_REF, BO_REF, BUSINESS_OBJECT, ACTION, MIN, MAX, BONAME, REQ_ATTRIBUTES, RID) VALUES
('http://masterteamproject/b89efa01-9e5f-439d-a8d6-b97ff0f170af', 'http://masterteamproject/Task_1', 'http://masterteamproject/DataObjectReference_1', 'BUS2081', 'select', '1', '1', 'BUS2081:Incoming Invoice', 'CompanyCode,InvoicingParty,Currency,Status,UserName,FiscalYear', 109),
('http://masterteamproject/b89efa01-9e5f-439d-a8d6-b97ff0f170af', 'http://masterteamproject/Task_7', 'http://masterteamproject/DataObjectReference_4', 'BUS2012', 'edit', '1', '1', 'BUS2012:Purchase Order', 'ReleaseStatus', 110),
('http://masterteamproject/b89efa01-9e5f-439d-a8d6-b97ff0f170af', 'http://masterteamproject/Task_3', 'http://masterteamproject/DataObjectReference_2', 'BUS1013', 'info', '1', '*', 'BUS1013:IBAN', 'BankCountry,BankKey,BankAccountNumber,BankControlKey', 111),
('http://masterteamproject/b89efa01-9e5f-439d-a8d6-b97ff0f170af', 'http://masterteamproject/Task_3', 'http://masterteamproject/DataObjectReference_3', 'BUS1013', 'select', '1', '1', 'BUS1013:IBAN', 'BankCountry,BankKey,BankAccountNumber,BankControlKey', 112),
('http://masterteamproject/86ad9655-7289-4087-b0f2-3cdd13da3fa9', 'http://masterteamproject/Task_1', 'http://masterteamproject/DataObjectReference_1', 'BUS2081', 'select', '1', '1', 'BUS2081:Incoming Invoice', 'CompanyCode,InvoicingParty,Currency,Status,UserName,FiscalYear', 113),
('http://masterteamproject/86ad9655-7289-4087-b0f2-3cdd13da3fa9', 'http://masterteamproject/Task_7', 'http://masterteamproject/DataObjectReference_4', 'BUS2012', 'edit', '1', '1', 'BUS2012:Purchase Order', 'ReleaseStatus', 114),
('http://masterteamproject/86ad9655-7289-4087-b0f2-3cdd13da3fa9', 'http://masterteamproject/Task_3', 'http://masterteamproject/DataObjectReference_2', 'BUS1013', 'info', '1', '*', 'BUS1013:IBAN', 'BankCountry,BankKey,BankAccountNumber,BankControlKey', 115),
('http://masterteamproject/86ad9655-7289-4087-b0f2-3cdd13da3fa9', 'http://masterteamproject/Task_3', 'http://masterteamproject/DataObjectReference_3', 'BUS1013', 'select', '1', '1', 'BUS1013:IBAN', 'BankCountry,BankKey,BankAccountNumber,BankControlKey', 116),
('http://masterteamproject/053b5fcb-90ee-4ba5-ae17-dde327338067', 'http://masterteamproject/Task_1', 'http://masterteamproject/DataObjectReference_1', 'BUS2081', 'select', '1', '1', 'BUS2081:Incoming Invoice', 'CompanyCode,InvoicingParty,Currency,Status,UserName,FiscalYear', 117),
('http://masterteamproject/053b5fcb-90ee-4ba5-ae17-dde327338067', 'http://masterteamproject/Task_7', 'http://masterteamproject/DataObjectReference_4', 'BUS2012', 'edit', '1', '1', 'BUS2012:Purchase Order', 'ReleaseStatus', 118),
('http://masterteamproject/053b5fcb-90ee-4ba5-ae17-dde327338067', 'http://masterteamproject/Task_3', 'http://masterteamproject/DataObjectReference_2', 'BUS1013', 'info', '1', '*', 'BUS1013:IBAN', 'BankCountry,BankKey,BankAccountNumber,BankControlKey', 119),
('http://masterteamproject/053b5fcb-90ee-4ba5-ae17-dde327338067', 'http://masterteamproject/Task_3', 'http://masterteamproject/DataObjectReference_3', 'BUS1013', 'select', '1', '1', 'BUS1013:IBAN', 'BankCountry,BankKey,BankAccountNumber,BankControlKey', 120),
('http://masterteamproject/4d0c15f8-862c-4590-824e-fa2991911ad6', 'http://masterteamproject/Task_1', 'http://masterteamproject/DataObjectReference_1', 'BUS2081', 'select', '1', '1', 'BUS2081:Incoming Invoice', 'CompanyCode,InvoicingParty,Currency,Status,UserName,FiscalYear', 121),
('http://masterteamproject/4d0c15f8-862c-4590-824e-fa2991911ad6', 'http://masterteamproject/Task_7', 'http://masterteamproject/DataObjectReference_4', 'BUS2012', 'edit', '1', '1', 'BUS2012:Purchase Order', 'ReleaseStatus', 122),
('http://masterteamproject/4d0c15f8-862c-4590-824e-fa2991911ad6', 'http://masterteamproject/Task_3', 'http://masterteamproject/DataObjectReference_2', 'BUS1013', 'info', '1', '*', 'BUS1013:IBAN', 'BankCountry,BankKey,BankAccountNumber,BankControlKey', 123),
('http://masterteamproject/4d0c15f8-862c-4590-824e-fa2991911ad6', 'http://masterteamproject/Task_3', 'http://masterteamproject/DataObjectReference_3', 'BUS1013', 'select', '1', '1', 'BUS1013:IBAN', 'BankCountry,BankKey,BankAccountNumber,BankControlKey', 124);      
INSERT INTO PUBLIC.DATA_ASSOCIATION_BUSINESS_OBJECTS(PROCESS_MODEL_REF, ACTIVITY_REF, BO_REF, BUSINESS_OBJECT, ACTION, MIN, MAX, BONAME, REQ_ATTRIBUTES, RID) VALUES
('http://masterteamproject/4fab7ec3-bf07-4858-ac07-6fe3fc307847', 'http://masterteamproject/Task_1', 'http://masterteamproject/DataObjectReference_1', 'BUS2081', 'select', '1', '1', 'BUS2081:Incoming Invoice', 'CompanyCode,InvoicingParty,Currency,Status,UserName,FiscalYear', 125),
('http://masterteamproject/4fab7ec3-bf07-4858-ac07-6fe3fc307847', 'http://masterteamproject/Task_7', 'http://masterteamproject/DataObjectReference_4', 'BUS2012', 'edit', '1', '1', 'BUS2012:Purchase Order', 'ReleaseStatus', 126),
('http://masterteamproject/4fab7ec3-bf07-4858-ac07-6fe3fc307847', 'http://masterteamproject/Task_3', 'http://masterteamproject/DataObjectReference_2', 'BUS1013', 'info', '1', '*', 'BUS1013:IBAN', 'BankCountry,BankKey,BankAccountNumber,BankControlKey', 127),
('http://masterteamproject/4fab7ec3-bf07-4858-ac07-6fe3fc307847', 'http://masterteamproject/Task_3', 'http://masterteamproject/DataObjectReference_3', 'BUS1013', 'select', '1', '1', 'BUS1013:IBAN', 'BankCountry,BankKey,BankAccountNumber,BankControlKey', 128),
('http://masterteamproject/049902c5-f2d6-474a-9e52-c64d93b182b1', 'http://masterteamproject/Task_1', 'http://masterteamproject/DataObjectReference_1', 'BUS2081', 'select', '1', '1', 'BUS2081:Incoming Invoice', 'CompanyCode,InvoicingParty,Currency,Status,UserName,FiscalYear', 129),
('http://masterteamproject/049902c5-f2d6-474a-9e52-c64d93b182b1', 'http://masterteamproject/Task_7', 'http://masterteamproject/DataObjectReference_4', 'BUS2012', 'edit', '1', '1', 'BUS2012:Purchase Order', 'ReleaseStatus', 130),
('http://masterteamproject/049902c5-f2d6-474a-9e52-c64d93b182b1', 'http://masterteamproject/Task_3', 'http://masterteamproject/DataObjectReference_2', 'BUS1013', 'info', '1', '*', 'BUS1013:IBAN', 'BankCountry,BankKey,BankAccountNumber,BankControlKey', 131),
('http://masterteamproject/049902c5-f2d6-474a-9e52-c64d93b182b1', 'http://masterteamproject/Task_3', 'http://masterteamproject/DataObjectReference_3', 'BUS1013', 'select', '1', '1', 'BUS1013:IBAN', 'BankCountry,BankKey,BankAccountNumber,BankControlKey', 132),
('http://masterteamproject/c24e5304-a9ca-431c-b7e1-f79b8e115b8d', 'http://masterteamproject/Task_1', 'http://masterteamproject/DataObjectReference_1', 'BUS2081', 'select', '1', '1', 'BUS2081:Incoming Invoice', 'CompanyCode,InvoicingParty,Currency,Status,UserName,FiscalYear', 133),
('http://masterteamproject/c24e5304-a9ca-431c-b7e1-f79b8e115b8d', 'http://masterteamproject/Task_7', 'http://masterteamproject/DataObjectReference_4', 'BUS2012', 'edit', '1', '1', 'BUS2012:Purchase Order', 'ReleaseStatus', 134),
('http://masterteamproject/c24e5304-a9ca-431c-b7e1-f79b8e115b8d', 'http://masterteamproject/Task_3', 'http://masterteamproject/DataObjectReference_2', 'BUS1013', 'info', '1', '*', 'BUS1013:IBAN', 'BankCountry,BankKey,BankAccountNumber,BankControlKey', 135),
('http://masterteamproject/c24e5304-a9ca-431c-b7e1-f79b8e115b8d', 'http://masterteamproject/Task_3', 'http://masterteamproject/DataObjectReference_3', 'BUS1013', 'select', '1', '1', 'BUS1013:IBAN', 'BankCountry,BankKey,BankAccountNumber,BankControlKey', 136),
('http://masterteamproject/02f743be-8968-4f72-a371-3f3539be478d', 'http://masterteamproject/Task_1', 'http://masterteamproject/DataObjectReference_1', 'BUS2081', 'select', '1', '1', 'BUS2081:Incoming Invoice', 'CompanyCode,InvoicingParty,Currency,Status,UserName,FiscalYear', 137),
('http://masterteamproject/02f743be-8968-4f72-a371-3f3539be478d', 'http://masterteamproject/Task_7', 'http://masterteamproject/DataObjectReference_4', 'BUS2012', 'edit', '1', '1', 'BUS2012:Purchase Order', 'ReleaseStatus', 138),
('http://masterteamproject/02f743be-8968-4f72-a371-3f3539be478d', 'http://masterteamproject/Task_3', 'http://masterteamproject/DataObjectReference_2', 'BUS1013', 'info', '1', '*', 'BUS1013:IBAN', 'BankCountry,BankKey,BankAccountNumber,BankControlKey', 139),
('http://masterteamproject/02f743be-8968-4f72-a371-3f3539be478d', 'http://masterteamproject/Task_3', 'http://masterteamproject/DataObjectReference_3', 'BUS1013', 'select', '1', '1', 'BUS1013:IBAN', 'BankCountry,BankKey,BankAccountNumber,BankControlKey', 140);      
INSERT INTO PUBLIC.DATA_ASSOCIATION_BUSINESS_OBJECTS(PROCESS_MODEL_REF, ACTIVITY_REF, BO_REF, BUSINESS_OBJECT, ACTION, MIN, MAX, BONAME, REQ_ATTRIBUTES, RID) VALUES
('http://masterteamproject/60601427-0c7c-4c96-b529-7a1551ae615e', 'http://masterteamproject/Task_3', 'http://masterteamproject/DataObjectReference_3', 'BUS1013', 'select', '1', '1', 'BUS1013:IBAN', 'BankCountry,BankKey,BankAccountNumber,BankControlKey', 165),
('http://masterteamproject/60601427-0c7c-4c96-b529-7a1551ae615e', 'http://masterteamproject/Task_7', 'http://masterteamproject/DataObjectReference_4', 'BUS2012', 'edit', '1', '1', 'BUS2012:Purchase Order', 'ReleaseStatus', 166),
('http://masterteamproject/60601427-0c7c-4c96-b529-7a1551ae615e', 'http://masterteamproject/Task_1', 'http://masterteamproject/DataObjectReference_1', 'BUS2081', 'select', '1', '1', 'BUS2081:Incoming Invoice', 'CompanyCode,InvoicingParty,Currency,Status,UserName,FiscalYear', 167),
('http://masterteamproject/c931b95b-ef9a-41c6-8050-c4e3b1c55acf', 'http://masterteamproject/Task_3', 'http://masterteamproject/DataObjectReference_3', 'BUS1013', 'select', '1', '1', 'BUS1013:IBAN', 'BankCountry,BankKey,BankAccountNumber,BankControlKey', 168),
('http://masterteamproject/c931b95b-ef9a-41c6-8050-c4e3b1c55acf', 'http://masterteamproject/Task_7', 'http://masterteamproject/DataObjectReference_4', 'BUS2012', 'edit', '1', '1', 'BUS2012:Purchase Order', 'ReleaseStatus', 169),
('http://masterteamproject/c931b95b-ef9a-41c6-8050-c4e3b1c55acf', 'http://masterteamproject/Task_1', 'http://masterteamproject/DataObjectReference_1', 'BUS2081', 'select', '1', '1', 'BUS2081:Incoming Invoice', 'CompanyCode,InvoicingParty,Currency,Status,UserName,FiscalYear', 170),
('http://masterteamproject/d1c9d3e2-3c01-4b7b-8131-4b5c8e12cffc', 'http://masterteamproject/Task_3', 'http://masterteamproject/DataObjectReference_3', 'BUS1013', 'select', '1', '1', 'BUS1013:IBAN', 'BankCountry,BankKey,BankAccountNumber,BankControlKey', 171),
('http://masterteamproject/d1c9d3e2-3c01-4b7b-8131-4b5c8e12cffc', 'http://masterteamproject/Task_7', 'http://masterteamproject/DataObjectReference_4', 'BUS2012', 'edit', '1', '1', 'BUS2012:Purchase Order', 'ReleaseStatus', 172),
('http://masterteamproject/d1c9d3e2-3c01-4b7b-8131-4b5c8e12cffc', 'http://masterteamproject/Task_1', 'http://masterteamproject/DataObjectReference_1', 'BUS2081', 'select', '1', '1', 'BUS2081:Incoming Invoice', 'CompanyCode,InvoicingParty,Currency,Status,UserName,FiscalYear', 173),
('http://masterteamproject/5bc11950-8a71-4ca8-8c6e-b3f0350e12da', 'http://masterteamproject/Task_3', 'http://masterteamproject/DataObjectReference_3', 'BUS1013', 'select', '1', '1', 'BUS1013:IBAN', 'BankCountry,BankKey,BankAccountNumber,BankControlKey', 174),
('http://masterteamproject/5bc11950-8a71-4ca8-8c6e-b3f0350e12da', 'http://masterteamproject/Task_7', 'http://masterteamproject/DataObjectReference_4', 'BUS2012', 'edit', '1', '1', 'BUS2012:Purchase Order', 'ReleaseStatus', 175),
('http://masterteamproject/5bc11950-8a71-4ca8-8c6e-b3f0350e12da', 'http://masterteamproject/Task_1', 'http://masterteamproject/DataObjectReference_1', 'BUS2081', 'select', '1', '1', 'BUS2081:Incoming Invoice', 'CompanyCode,InvoicingParty,Currency,Status,UserName,FiscalYear', 176),
('http://masterteamproject/f4745c70-8fce-40d1-8a75-4da91ded6111', 'http://masterteamproject/Task_3', 'http://masterteamproject/DataObjectReference_3', 'BUS1013', 'select', '1', '1', 'BUS1013:IBAN', 'BankCountry,BankKey,BankAccountNumber,BankControlKey', 177),
('http://masterteamproject/f4745c70-8fce-40d1-8a75-4da91ded6111', 'http://masterteamproject/Task_7', 'http://masterteamproject/DataObjectReference_4', 'BUS2012', 'edit', '1', '1', 'BUS2012:Purchase Order', 'ReleaseStatus', 178),
('http://masterteamproject/f4745c70-8fce-40d1-8a75-4da91ded6111', 'http://masterteamproject/Task_1', 'http://masterteamproject/DataObjectReference_1', 'BUS2081', 'select', '1', '1', 'BUS2081:Incoming Invoice', 'CompanyCode,InvoicingParty,Currency,Status,UserName,FiscalYear', 179),
('http://masterteamproject/a087ace1-5ddd-4aaf-af8e-9e78b0e2d844', 'http://masterteamproject/Task_3', 'http://masterteamproject/DataObjectReference_3', 'BUS1013', 'select', '1', '1', 'BUS1013:IBAN', 'BankCountry,BankKey,BankAccountNumber,BankControlKey', 180);       
INSERT INTO PUBLIC.DATA_ASSOCIATION_BUSINESS_OBJECTS(PROCESS_MODEL_REF, ACTIVITY_REF, BO_REF, BUSINESS_OBJECT, ACTION, MIN, MAX, BONAME, REQ_ATTRIBUTES, RID) VALUES
('http://masterteamproject/a087ace1-5ddd-4aaf-af8e-9e78b0e2d844', 'http://masterteamproject/Task_7', 'http://masterteamproject/DataObjectReference_4', 'BUS2012', 'edit', '1', '1', 'BUS2012:Purchase Order', 'ReleaseStatus', 181),
('http://masterteamproject/a087ace1-5ddd-4aaf-af8e-9e78b0e2d844', 'http://masterteamproject/Task_1', 'http://masterteamproject/DataObjectReference_1', 'BUS2081', 'select', '1', '1', 'BUS2081:Incoming Invoice', 'CompanyCode,InvoicingParty,Currency,Status,UserName,FiscalYear', 182),
('http://masterteamproject/ffe1c527-5ff1-4305-8838-e99c64e0fbff', 'http://masterteamproject/Task_3', 'http://masterteamproject/DataObjectReference_3', 'BUS1013', 'select', '1', '1', 'BUS1013:IBAN', 'BankCountry,BankKey,BankAccountNumber,BankControlKey', 183),
('http://masterteamproject/ffe1c527-5ff1-4305-8838-e99c64e0fbff', 'http://masterteamproject/Task_7', 'http://masterteamproject/DataObjectReference_4', 'BUS2012', 'edit', '1', '1', 'BUS2012:Purchase Order', 'ReleaseStatus', 184),
('http://masterteamproject/ffe1c527-5ff1-4305-8838-e99c64e0fbff', 'http://masterteamproject/Task_1', 'http://masterteamproject/DataObjectReference_1', 'BUS2081', 'select', '1', '1', 'BUS2081:Incoming Invoice', 'CompanyCode,InvoicingParty,Currency,Status,UserName,FiscalYear', 185);   
CREATE CACHED TABLE PUBLIC.BUSINESS_OBJECTS(
    ID INT DEFAULT (NEXT VALUE FOR PUBLIC.SYSTEM_SEQUENCE_9BE98977_73BC_4AAA_8264_D23CFBA0D9AD) NOT NULL NULL_TO_DEFAULT SEQUENCE PUBLIC.SYSTEM_SEQUENCE_9BE98977_73BC_4AAA_8264_D23CFBA0D9AD,
    SAP_ID VARCHAR(255) NOT NULL,
    NAME VARCHAR NOT NULL
);
ALTER TABLE PUBLIC.BUSINESS_OBJECTS ADD CONSTRAINT PUBLIC.CONSTRAINT_4 PRIMARY KEY(ID);       
-- 12 +/- SELECT COUNT(*) FROM PUBLIC.BUSINESS_OBJECTS;       
INSERT INTO PUBLIC.BUSINESS_OBJECTS(ID, SAP_ID, NAME) VALUES
(1, 'BUS2090', 'Rough goods receipt'),
(2, 'BUS2012', 'Purchase Order'),
(3, 'BUS2081', 'Incoming Invoice'),
(4, 'BUS1001', 'Material'),
(5, 'LFA1', 'Vendor'),
(6, 'BUS2011', 'Vendor quotation'),
(7, 'BUS2125', 'Vendor-Related Customer Billing Document List'),
(8, 'BUS2028', 'Material inventory'),
(9, 'BUS2010', 'Request for quotation'),
(10, 'BUS1065', 'Employee'),
(11, 'BUS2014', 'Purchase contract'),
(12, 'BUS1013', 'IBAN (International Bank Account Number)');  
CREATE CACHED TABLE PUBLIC.BUSINESS_OBJECT_ATTRIBUTES(
    ID INT DEFAULT (NEXT VALUE FOR PUBLIC.SYSTEM_SEQUENCE_375F1269_9539_444A_B67E_64F54E522299) NOT NULL NULL_TO_DEFAULT SEQUENCE PUBLIC.SYSTEM_SEQUENCE_375F1269_9539_444A_B67E_64F54E522299,
    BUSINESS_OBJECT INT NOT NULL,
    ATTRIBUTE INT NOT NULL,
    "ORDER" INT NOT NULL
);          
ALTER TABLE PUBLIC.BUSINESS_OBJECT_ATTRIBUTES ADD CONSTRAINT PUBLIC.CONSTRAINT_A PRIMARY KEY(ID);             
-- 89 +/- SELECT COUNT(*) FROM PUBLIC.BUSINESS_OBJECT_ATTRIBUTES;             
INSERT INTO PUBLIC.BUSINESS_OBJECT_ATTRIBUTES(ID, BUSINESS_OBJECT, ATTRIBUTE, "ORDER") VALUES
(1, 1, 1, 0),
(2, 1, 2, 1),
(3, 1, 3, 2),
(4, 1, 4, 3),
(5, 2, 5, 0),
(6, 2, 6, 1),
(7, 2, 1, 2),
(8, 2, 7, 3),
(9, 2, 8, 4),
(10, 2, 9, 5),
(11, 2, 10, 6),
(12, 2, 11, 7),
(13, 3, 12, 0),
(14, 3, 13, 1),
(15, 3, 14, 2),
(16, 3, 15, 3),
(17, 3, 16, 4),
(18, 3, 17, 5),
(19, 3, 49, 6),
(20, 4, 18, 0),
(21, 4, 19, 1),
(22, 4, 20, 2),
(23, 4, 21, 3),
(24, 4, 22, 4),
(25, 4, 23, 5),
(26, 4, 24, 6),
(27, 4, 25, 7),
(28, 4, 26, 8),
(31, 4, 27, 9),
(32, 4, 28, 10),
(34, 4, 29, 11),
(36, 4, 30, 12),
(37, 4, 31, 13),
(38, 4, 32, 14),
(39, 4, 33, 15),
(40, 5, 34, 0),
(41, 5, 35, 1),
(42, 5, 36, 2),
(43, 5, 37, 3),
(44, 5, 38, 4),
(45, 5, 39, 5),
(46, 5, 40, 6),
(47, 6, 20, 0),
(48, 6, 1, 1),
(49, 6, 6, 2),
(50, 6, 5, 3),
(51, 6, 41, 4),
(52, 7, 42, 0),
(53, 7, 44, 1),
(54, 7, 43, 2),
(55, 7, 31, 3),
(56, 7, 12, 4),
(57, 7, 45, 5),
(58, 8, 49, 0),
(59, 9, 46, 0),
(60, 9, 6, 1),
(61, 9, 5, 2),
(62, 9, 1, 3),
(63, 9, 7, 4),
(64, 9, 8, 5),
(65, 9, 9, 6),
(66, 9, 10, 7),
(67, 9, 11, 8),
(68, 10, 50, 0),
(69, 10, 51, 1),
(70, 10, 52, 2),
(71, 10, 53, 3),
(72, 10, 54, 4),
(73, 10, 55, 5),
(74, 10, 56, 6),
(75, 10, 57, 7),
(76, 10, 35, 8),
(77, 10, 15, 9),
(78, 10, 58, 10),
(80, 10, 59, 11),
(81, 10, 60, 12),
(82, 10, 61, 13),
(83, 11, 20, 0),
(84, 11, 6, 1),
(85, 11, 5, 2),
(86, 11, 7, 3),
(87, 11, 8, 4),
(88, 11, 9, 5),
(89, 11, 10, 6),
(90, 11, 11, 7),
(91, 12, 62, 0),
(92, 12, 63, 1),
(93, 12, 64, 2),
(94, 12, 65, 3);     
CREATE INDEX PUBLIC.BUSINESS_OBJECTS_ATTRIBUTES_ATTRIBUTE ON PUBLIC.BUSINESS_OBJECT_ATTRIBUTES(ATTRIBUTE);    
CREATE CACHED TABLE PUBLIC.BUSINESS_OBJECT_INSTANCES(
    ID INT DEFAULT (NEXT VALUE FOR PUBLIC.SYSTEM_SEQUENCE_462A0877_BD51_48E2_A572_F90C094CECAD) NOT NULL NULL_TO_DEFAULT SEQUENCE PUBLIC.SYSTEM_SEQUENCE_462A0877_BD51_48E2_A572_F90C094CECAD,
    BUSINESS_OBJECT INT NOT NULL,
    TIME TIMESTAMP AS NOW() NOT NULL
);            
ALTER TABLE PUBLIC.BUSINESS_OBJECT_INSTANCES ADD CONSTRAINT PUBLIC.CONSTRAINT_509 PRIMARY KEY(ID);            
-- 12 +/- SELECT COUNT(*) FROM PUBLIC.BUSINESS_OBJECT_INSTANCES;              
INSERT INTO PUBLIC.BUSINESS_OBJECT_INSTANCES(ID, BUSINESS_OBJECT, TIME) VALUES
(1, 1, TIMESTAMP '2015-03-10 01:53:57.317'),
(2, 2, TIMESTAMP '2015-03-10 01:53:57.317'),
(3, 3, TIMESTAMP '2015-03-10 01:53:57.317'),
(4, 4, TIMESTAMP '2015-03-10 01:53:57.317'),
(5, 5, TIMESTAMP '2015-03-10 01:53:57.317'),
(6, 6, TIMESTAMP '2015-03-10 01:53:57.317'),
(7, 7, TIMESTAMP '2015-03-10 01:53:57.317'),
(8, 8, TIMESTAMP '2015-03-10 01:53:57.317'),
(9, 9, TIMESTAMP '2015-03-10 01:53:57.317'),
(10, 10, TIMESTAMP '2015-03-10 01:53:57.317'),
(11, 11, TIMESTAMP '2015-03-10 01:53:57.317'),
(12, 12, TIMESTAMP '2015-03-10 01:53:57.317');  
CREATE INDEX PUBLIC.BUSINESS_OBJECT_INSTANCES_BUSINESS_OBJECT ON PUBLIC.BUSINESS_OBJECT_INSTANCES(BUSINESS_OBJECT);           
CREATE CACHED TABLE PUBLIC.USER_SESSIONS(
    ID VARCHAR(7) NOT NULL,
    USER INT NOT NULL,
    KEY VARCHAR(255) NOT NULL,
    TOKEN VARCHAR(255) NOT NULL,
    TIME TIMESTAMP DEFAULT '0000-00-00 00:00:00' NOT NULL,
    UPDATE TIMESTAMP AS NOW() NOT NULL
);      
ALTER TABLE PUBLIC.USER_SESSIONS ADD CONSTRAINT PUBLIC.CONSTRAINT_9 PRIMARY KEY(ID);          
-- 29 +/- SELECT COUNT(*) FROM PUBLIC.USER_SESSIONS;          
INSERT INTO PUBLIC.USER_SESSIONS(ID, USER, KEY, TOKEN, TIME, UPDATE) VALUES
('e7ca5bf', 1, 'c00de77ffee3db08ec41b28bff08b0cf2fd56dd3', '', TIMESTAMP '2015-03-05 22:27:15.0', TIMESTAMP '2015-03-05 22:31:33.117'),
('26734c1', 1, '17d2b2ef86e9d11c624ac67765fed68381b37cd3', '', TIMESTAMP '2015-03-05 22:56:52.0', TIMESTAMP '2015-03-05 23:28:32.123'),
('5d4a9ee', 1, 'dad0914e60dcebab07aedc4793def96bfb81269e', '', TIMESTAMP '2015-03-06 00:04:06.0', TIMESTAMP '2015-03-06 00:41:54.238'),
('7e84b18', 1, '63e0bd280edffc9d8d0847045f597b4d262ffd68', '', TIMESTAMP '2015-03-06 01:55:25.0', TIMESTAMP '2015-03-06 02:23:07.472'),
('38d5f5e', 1, '9f5f6fcd8816cab5fe1c6c14526e4fc958f3690f', '', TIMESTAMP '2015-03-06 05:15:07.0', TIMESTAMP '2015-03-06 05:56:56.255'),
('4c1d199', 1, '6cfa28111512bc6745669cfa0270187f1294ccd3', '', TIMESTAMP '2015-03-06 23:41:17.0', TIMESTAMP '2015-03-07 01:11:17.371'),
('6b78d33', 1, 'c5f2edcc470696924cd2891a9b47fd994be7019f', '', TIMESTAMP '2015-03-07 01:34:14.0', TIMESTAMP '2015-03-07 02:03:27.607'),
('3344bb7', 1, '98b54e80e178d2dfe95950e4823b274d0176247f', '', TIMESTAMP '2015-03-08 19:49:22.0', TIMESTAMP '2015-03-08 19:49:29.02'),
('19f8c85', 1, '8ab40de323e49d53459e8a8266ad3247254fdb15', '', TIMESTAMP '2015-03-08 20:39:07.0', TIMESTAMP '2015-03-08 21:05:46.927'),
('596ec05', 1, 'be08754814f54390b125692dd574ee18ac806e21', '', TIMESTAMP '2015-03-08 23:35:29.0', TIMESTAMP '2015-03-09 00:33:19.79'),
('4d66a87', 1, '29859e72a9d63df6d979f243608e14683365c9eb', '', TIMESTAMP '2015-03-09 02:49:42.0', TIMESTAMP '2015-03-09 02:49:47.215'),
('8b63578', 1, '81ebd28c94427ea15827a417256c753abd6c3523', '', TIMESTAMP '2015-03-09 19:03:05.0', TIMESTAMP '2015-03-09 20:01:38.148'),
('23ea652', 1, 'bf4ab38f573a73bb2faf47c9ee5237a29b0956be', '', TIMESTAMP '2015-03-09 21:01:53.0', TIMESTAMP '2015-03-09 21:17:19.418'),
('9b4236d', 1, 'dd676abb407cdd158b5c9b5040ac0325cb8d6795', '', TIMESTAMP '2015-03-09 21:40:35.0', TIMESTAMP '2015-03-10 00:20:47.626'),
('760cc5c', 1, 'c714a7b087c52c48a6faad3142dc756fbd077f2d', '', TIMESTAMP '2015-03-10 13:10:20.0', TIMESTAMP '2015-03-10 13:18:52.863'),
('c63a467', 1, '71199818890b60e57e3730eba8ddc67d2db0fdbf', '', TIMESTAMP '2015-03-10 13:41:29.0', TIMESTAMP '2015-03-10 13:41:29.742'),
('52563d0', 1, '81682c845a20e5ee386de42985fa1dea974af61d', '', TIMESTAMP '2015-03-10 13:43:36.0', TIMESTAMP '2015-03-10 13:45:50.294'),
('b4cf1fb', 1, '36f9055285058ca69899f1222fff2e5563ccb6a9', '', TIMESTAMP '2015-03-10 13:45:56.0', TIMESTAMP '2015-03-10 13:45:56.874'),
('6f09ee7', 1, '4939dbd5021cd92da00aa8ba7bfa25f370734dfb', '', TIMESTAMP '2015-03-10 13:46:14.0', TIMESTAMP '2015-03-10 13:46:14.142'),
('5c432f8', 1, 'ad10544f614eaa17198f6b2d094038ea96a74450', '', TIMESTAMP '2015-03-10 13:48:25.0', TIMESTAMP '2015-03-10 13:55:52.955'),
('ff4f3bd', 1, 'f8286b22b17e0de0001f790ecd82ba60e54a20c7', '', TIMESTAMP '2015-03-10 18:53:31.0', TIMESTAMP '2015-03-10 18:53:45.292'),
('9a6522f', 1, '5dda492c1b2ba8dbf9fb6f9ec2b6b93b44faf1d6', '', TIMESTAMP '2015-03-10 19:35:10.0', TIMESTAMP '2015-03-10 20:00:15.392'),
('e8c7bce', 1, 'fc76d0515da3f1f45e869ed91a454ef1fce3e89f', '', TIMESTAMP '2015-03-10 20:59:23.0', TIMESTAMP '2015-03-10 20:59:35.249'),
('358d380', 1, 'b01772232cfaa4cf85d6e394a361a778dd2e457d', '', TIMESTAMP '2015-03-10 21:23:19.0', TIMESTAMP '2015-03-10 21:59:19.777'),
('c1e77d0', 1, '5a599470a07cd9456646c908e3675b3deb3fe3c3', '', TIMESTAMP '2015-03-10 22:43:20.0', TIMESTAMP '2015-03-10 23:42:33.885'),
('2868c9a', 1, '17cad2435fce9b5c9a0e1bc7ffbf8c7411886001', '', TIMESTAMP '2015-03-11 00:11:01.0', TIMESTAMP '2015-03-11 00:25:51.564'),
('2722800', 1, '4dbac9fc2ad012c01dcdebafd5dcb3b65a3970f5', '', TIMESTAMP '2015-03-11 00:47:25.0', TIMESTAMP '2015-03-11 03:33:46.156'),
('50a3ef2', 1, 'de6ac47dc9976e56e47dc1366c909f9192570810', '', TIMESTAMP '2015-03-11 04:51:26.0', TIMESTAMP '2015-03-11 04:51:26.483'),
('64c00b3', 1, '7de4e3115031208b27cf169e4508e4c3c74732b3', '', TIMESTAMP '2015-03-11 04:51:53.0', TIMESTAMP '2015-03-11 06:01:57.368');
CREATE INDEX PUBLIC.USER ON PUBLIC.USER_SESSIONS(USER);       
CREATE CACHED TABLE PUBLIC.ATTRIBUTES(
    ID INT DEFAULT (NEXT VALUE FOR PUBLIC.SYSTEM_SEQUENCE_E09E4E50_1E45_4A4F_9369_DF02DA011BAC) NOT NULL NULL_TO_DEFAULT SEQUENCE PUBLIC.SYSTEM_SEQUENCE_E09E4E50_1E45_4A4F_9369_DF02DA011BAC,
    NAME VARCHAR(255) NOT NULL
);    
ALTER TABLE PUBLIC.ATTRIBUTES ADD CONSTRAINT PUBLIC.CONSTRAINT_3 PRIMARY KEY(ID);             
-- 66 +/- SELECT COUNT(*) FROM PUBLIC.ATTRIBUTES;             
INSERT INTO PUBLIC.ATTRIBUTES(ID, NAME) VALUES
(1, 'Vendor'),
(2, 'ReceivingPlant'),
(3, 'DeliveryDate'),
(4, 'DeliveryNoteNumber'),
(5, 'PurchasingGroup'),
(6, 'PurchOrganization'),
(7, 'ReleaseGroup'),
(8, 'ReleaseStrategy'),
(9, 'ReleaseIndicator'),
(10, 'ReleaseStatus'),
(11, 'SubjectToRelease'),
(12, 'CompanyCode'),
(13, 'InvoicingParty'),
(14, 'Currency'),
(15, 'Status'),
(16, 'ReleaseAgent'),
(17, 'UserName'),
(18, 'Laboratory'),
(19, 'PurchaseRequisition'),
(20, 'PurchaseOrder'),
(21, 'PurchasingInfo'),
(22, 'PurchOutlineAgreemt'),
(23, 'Document'),
(24, 'CostEstimate'),
(25, 'PieceOfEquipment'),
(26, 'MaterialGroup1'),
(27, 'MaterialGroup'),
(28, 'MaterialType'),
(29, 'Industry'),
(30, 'BaseUnitOfMeasure'),
(31, 'Division'),
(32, 'MaterialDescription'),
(33, 'OldMaterial'),
(34, 'Country'),
(35, 'Name'),
(36, 'City'),
(37, 'PostalCode'),
(38, 'Street'),
(39, 'Telephone'),
(40, 'PurchasingBlock'),
(41, 'VendorQuotationReqst'),
(42, 'Payer'),
(43, 'DistributionChannel'),
(44, 'SalesOrganization'),
(45, 'AccountingStatus'),
(46, 'VendorQuotation'),
(47, 'ReleaseStrategy'),
(48, 'ReleaseIndicator'),
(49, 'FiscalYear'),
(50, 'Staffing'),
(51, 'PersonnelArea'),
(52, 'Subgroup'),
(53, 'Administrator'),
(54, 'AdministratorPayroll'),
(55, 'AdministratorTime'),
(56, 'User'),
(57, 'PayrollAccountArea'),
(58, 'EventType'),
(59, 'ReasonForEvent'),
(60, 'UserID'),
(61, 'Language'),
(62, 'BankCountry'),
(63, 'BankKey'),
(64, 'BankAccountNumber'),
(65, 'BankControlKey'),
(66, 'BusinessObjectID');  
CREATE CACHED TABLE PUBLIC.USERS(
    ID INT DEFAULT (NEXT VALUE FOR PUBLIC.SYSTEM_SEQUENCE_60F95A5B_7675_4797_9742_669C63F4E5B2) NOT NULL NULL_TO_DEFAULT SEQUENCE PUBLIC.SYSTEM_SEQUENCE_60F95A5B_7675_4797_9742_669C63F4E5B2,
    MAIL VARCHAR(255) NOT NULL,
    NAME VARCHAR(255) NOT NULL,
    PASSWD VARCHAR(255) NOT NULL,
    TIME TIMESTAMP AS NOW() NOT NULL,
    CURRENT_PROCESS VARCHAR(255) DEFAULT NULL
);              
ALTER TABLE PUBLIC.USERS ADD CONSTRAINT PUBLIC.CONSTRAINT_4D PRIMARY KEY(ID); 
-- 1 +/- SELECT COUNT(*) FROM PUBLIC.USERS;   
INSERT INTO PUBLIC.USERS(ID, MAIL, NAME, PASSWD, TIME, CURRENT_PROCESS) VALUES
(1, 'maedche@uni-mannheim.de', STRINGDECODE('Prof. Dr. Alexander M\u00e4dche'), '7288edd0fc3ffcbe93a0cf06e3568e28521687bc', TIMESTAMP '2015-03-11 05:58:41.556', '0571e8e407b3f0487b0bfbe0d8e2baf9f6c4');     
CREATE CACHED TABLE PUBLIC.USER_PROCESS_INSTANCES(
    ID INT DEFAULT (NEXT VALUE FOR PUBLIC.SYSTEM_SEQUENCE_5593F621_B4CB_46D8_B6A2_6D40F8F43979) NOT NULL NULL_TO_DEFAULT SEQUENCE PUBLIC.SYSTEM_SEQUENCE_5593F621_B4CB_46D8_B6A2_6D40F8F43979,
    USER INT NOT NULL,
    PROCESS VARCHAR(255) NOT NULL,
    TIME TIMESTAMP AS NOW() NOT NULL,
    ARCHIVE BOOLEAN DEFAULT FALSE,
    PROCESS_MODEL VARCHAR(255) NOT NULL
);        
ALTER TABLE PUBLIC.USER_PROCESS_INSTANCES ADD CONSTRAINT PUBLIC.CONSTRAINT_AC PRIMARY KEY(ID);
-- 3 +/- SELECT COUNT(*) FROM PUBLIC.USER_PROCESS_INSTANCES;  
INSERT INTO PUBLIC.USER_PROCESS_INSTANCES(ID, USER, PROCESS, TIME, ARCHIVE, PROCESS_MODEL) VALUES
(80, 1, '0571e8e407b3f0487b0bfbe0d8e2baf9f6c4', TIMESTAMP '2015-03-11 05:11:32.858', FALSE, 'a087ace1-5ddd-4aaf-af8e-9e78b0e2d844'),
(81, 1, 'bc37cf0d0166e0472d0ad450899f592d43c1', TIMESTAMP '2015-03-11 05:29:04.881', FALSE, 'ffe1c527-5ff1-4305-8838-e99c64e0fbff'),
(82, 1, 'c33ab1a90c55e04c2309a7107c15bfdcfd6c', TIMESTAMP '2015-03-11 05:40:59.095', FALSE, 'f4745c70-8fce-40d1-8a75-4da91ded6111');           
CREATE CACHED TABLE PUBLIC.BUSINESS_OBJECT_INSTANCE_ATTRIBUTES(
    BO_INSTANCE INT NOT NULL,
    ATTRIBUTE INT NOT NULL,
    VALUE VARCHAR(255),
    ID INT DEFAULT (NEXT VALUE FOR PUBLIC.SYSTEM_SEQUENCE_9D92E942_0DED_4E1E_85EE_FF33748F04D9) NOT NULL NULL_TO_DEFAULT SEQUENCE PUBLIC.SYSTEM_SEQUENCE_9D92E942_0DED_4E1E_85EE_FF33748F04D9
);       
ALTER TABLE PUBLIC.BUSINESS_OBJECT_INSTANCE_ATTRIBUTES ADD CONSTRAINT PUBLIC.CONSTRAINT_D PRIMARY KEY(ID);    
-- 101 +/- SELECT COUNT(*) FROM PUBLIC.BUSINESS_OBJECT_INSTANCE_ATTRIBUTES;   
INSERT INTO PUBLIC.BUSINESS_OBJECT_INSTANCE_ATTRIBUTES(BO_INSTANCE, ATTRIBUTE, VALUE, ID) VALUES
(1, 1, 'ABB', 1),
(1, 2, 'Mannheim', 2),
(1, 3, '20.06.2015', 3),
(1, 4, '3', 4),
(1, 66, '1', 5),
(2, 1, 'ABB', 6),
(2, 5, '100', 7),
(2, 6, 'SPA Manufacturing', 8),
(2, 7, '200', 9),
(2, 8, 'All', 10),
(2, 9, 'go', 11),
(2, 10, 'Released', 12),
(2, 11, '5000', 13),
(2, 66, '2', 14),
(3, 12, '1000', 15),
(3, 13, 'ABB Delivery', 16),
(3, 14, 'Euro', 17),
(3, 15, 'checked', 18),
(3, 16, 'Fabian Kramm', 19),
(3, 17, 'Christian Schreckenberger', 20),
(3, 49, '2015', 21),
(3, 66, '3', 22),
(4, 18, 'Uni Mannheim', 23),
(4, 19, '450', 24),
(4, 20, '2', 25),
(4, 21, 'Motor for SPA_Car 1', 26),
(4, 22, '400', 27),
(4, 23, 'motor1_description.pdf', 28),
(4, 24, STRINGDECODE('12.000 \u20ac'), 29),
(4, 25, '7500', 30),
(4, 26, '100', 31),
(4, 27, '200', 32),
(4, 28, 'Motor', 33),
(4, 29, 'Manufacturing', 34),
(4, 30, 'piece', 35),
(4, 31, 'manufacturing1', 36),
(4, 32, 'Frontmotor 300hp for SPA_Car 1; available with 5 and 6 gear suspension', 37),
(4, 33, '5030', 38),
(4, 66, '4', 39),
(5, 34, 'Germany', 40),
(5, 35, 'ABB', 41),
(5, 36, 'Mannheim', 42),
(5, 37, '68309', 43),
(5, 38, STRINGDECODE('Kallstadter Stra\u00dfe 1'), 44),
(5, 39, '+49 621 43810', 45),
(5, 40, '0', 46),
(5, 66, '5', 47),
(6, 1, 'ABB', 48),
(6, 5, '100', 49),
(6, 6, 'SPA Manufacturing', 50),
(6, 20, '2', 51),
(6, 41, '9', 52),
(6, 66, '6', 53),
(7, 12, '1000', 54),
(7, 31, 'Sales', 55),
(7, 42, '200', 56),
(7, 43, 'Online', 57),
(7, 44, 'Sales1', 58),
(7, 45, 'Ready', 59),
(7, 66, '7', 60),
(8, 49, '2015', 61),
(8, 66, '8', 62),
(9, 1, 'ABB', 63),
(9, 5, '100', 64),
(9, 6, 'SPA Manufacturing', 65),
(9, 7, '200', 66),
(9, 8, 'All', 67),
(9, 9, 'go', 68),
(9, 10, 'Released', 69),
(9, 11, '5000', 70),
(9, 46, '6', 71),
(9, 66, '9', 72),
(10, 15, 'Active', 73),
(10, 35, 'Christian Schreckenberger', 74),
(10, 50, 'Schedule100', 75),
(10, 51, 'Sales', 76),
(10, 52, 'Pre Sales', 77),
(10, 53, 'Steffen Sikora', 78),
(10, 54, '300', 79),
(10, 55, 'Ulli Gnewuch', 80),
(10, 56, 'D050500', 81),
(10, 57, 'Sales1', 82),
(10, 58, '2', 83),
(10, 59, 'Employment', 84),
(10, 60, 'SCHRECKENBER', 85),
(10, 61, 'German', 86),
(10, 66, '10', 87),
(11, 5, '100', 88),
(11, 6, 'SPA Manufacturing', 89),
(11, 7, '200', 90),
(11, 8, 'All', 91),
(11, 9, 'go', 92),
(11, 10, 'Released', 93),
(11, 11, '5000', 94),
(11, 20, '2', 95),
(11, 66, '11', 96),
(12, 62, 'Germany', 97),
(12, 63, '1606173', 98),
(12, 64, '1002000', 99),
(12, 65, '100', 100),
(12, 66, '12', 101);
CREATE INDEX PUBLIC.BUSINESS_OBJECTS_INSTANCE_ID ON PUBLIC.BUSINESS_OBJECT_INSTANCE_ATTRIBUTES(BO_INSTANCE);  
CREATE INDEX PUBLIC.BUSINESS_OBJECTS_DATA_ATTRIBUTE ON PUBLIC.BUSINESS_OBJECT_INSTANCE_ATTRIBUTES(ATTRIBUTE); 
ALTER TABLE PUBLIC.BUSINESS_OBJECT_ATTRIBUTES ADD CONSTRAINT PUBLIC.BUSINESS_OBJECT_ORDER UNIQUE(BUSINESS_OBJECT, "ORDER");   
ALTER TABLE PUBLIC.USERS ADD CONSTRAINT PUBLIC.MAIL UNIQUE(MAIL);             
ALTER TABLE PUBLIC.BUSINESS_OBJECT_ATTRIBUTES ADD CONSTRAINT PUBLIC.BUSINESS_OBJECT_ATTRIBUTE2 UNIQUE(BUSINESS_OBJECT, ATTRIBUTE);            
ALTER TABLE PUBLIC.USER_PROCESS_INSTANCES ADD CONSTRAINT PUBLIC.USER_PROCESS UNIQUE(USER, PROCESS);           
ALTER TABLE PUBLIC.BUSINESS_OBJECT_INSTANCE_ATTRIBUTES ADD CONSTRAINT PUBLIC.BUSINESS_OBJECT_ATTRIBUTE UNIQUE(BO_INSTANCE, ATTRIBUTE);        
ALTER TABLE PUBLIC.BUSINESS_OBJECT_ATTRIBUTES ADD CONSTRAINT PUBLIC.CONSTRAINT_A54 FOREIGN KEY(ATTRIBUTE) REFERENCES PUBLIC.ATTRIBUTES(ID) ON DELETE CASCADE NOCHECK;         
ALTER TABLE PUBLIC.BUSINESS_OBJECT_INSTANCE_ATTRIBUTES ADD CONSTRAINT PUBLIC.CONSTRAINT_98 FOREIGN KEY(ATTRIBUTE) REFERENCES PUBLIC.ATTRIBUTES(ID) ON DELETE CASCADE ON UPDATE CASCADE NOCHECK;               
ALTER TABLE PUBLIC.USER_SESSIONS ADD CONSTRAINT PUBLIC.CONSTRAINT_99 FOREIGN KEY(USER) REFERENCES PUBLIC.USERS(ID) ON DELETE CASCADE NOCHECK; 
ALTER TABLE PUBLIC.USER_PROCESS_INSTANCES ADD CONSTRAINT PUBLIC.CONSTRAINT_AC0 FOREIGN KEY(USER) REFERENCES PUBLIC.USERS(ID) ON DELETE CASCADE NOCHECK;       
ALTER TABLE PUBLIC.BUSINESS_OBJECT_INSTANCE_ATTRIBUTES ADD CONSTRAINT PUBLIC.CONSTRAINT_50 FOREIGN KEY(ATTRIBUTE) REFERENCES PUBLIC.ATTRIBUTES(ID) ON DELETE CASCADE ON UPDATE CASCADE NOCHECK;               
ALTER TABLE PUBLIC.BUSINESS_OBJECT_INSTANCE_ATTRIBUTES ADD CONSTRAINT PUBLIC.CONSTRAINT_D4 FOREIGN KEY(BO_INSTANCE) REFERENCES PUBLIC.BUSINESS_OBJECT_INSTANCES(ID) ON DELETE CASCADE ON UPDATE CASCADE NOCHECK;              
ALTER TABLE PUBLIC.BUSINESS_OBJECT_INSTANCE_ATTRIBUTES ADD CONSTRAINT PUBLIC.CONSTRAINT_D45 FOREIGN KEY(ATTRIBUTE) REFERENCES PUBLIC.ATTRIBUTES(ID) ON DELETE CASCADE ON UPDATE CASCADE NOCHECK;              
ALTER TABLE PUBLIC.USERS ADD CONSTRAINT PUBLIC.CONSTRAINT_4D4 FOREIGN KEY(CURRENT_PROCESS) REFERENCES PUBLIC.USER_PROCESS_INSTANCES(PROCESS) ON DELETE SET NULL ON UPDATE CASCADE NOCHECK;    
ALTER TABLE PUBLIC.BUSINESS_OBJECT_INSTANCES ADD CONSTRAINT PUBLIC.CONSTRAINT_509C FOREIGN KEY(BUSINESS_OBJECT) REFERENCES PUBLIC.BUSINESS_OBJECTS(ID) ON DELETE CASCADE NOCHECK;             
ALTER TABLE PUBLIC.BUSINESS_OBJECT_ATTRIBUTES ADD CONSTRAINT PUBLIC.CONSTRAINT_A5 FOREIGN KEY(BUSINESS_OBJECT) REFERENCES PUBLIC.BUSINESS_OBJECTS(ID) ON DELETE CASCADE NOCHECK;              
